Year,Crhon_smp_1,Crhon_smp_2,Crhon_smp_3,Crhon_smp_4,Crhon_smp_5,Crhon_smp_6,Crhon_smp_7,Crhon_smp_8,Crhon_smp_9,Crhon_smp_10,Crhon_smp_11,Crhon_smp_12,Crhon_smp_13
1664,NA,NA,NA,0.772,NA,NA,NA,NA,NA,NA,NA,NA,NA
1665,NA,NA,NA,1.741,NA,NA,NA,NA,NA,NA,NA,NA,NA
1666,NA,NA,NA,1.446,NA,NA,NA,NA,NA,NA,NA,NA,NA
1667,NA,NA,NA,0.71,NA,NA,NA,NA,NA,NA,NA,NA,NA
1668,NA,NA,NA,0.782,NA,NA,NA,NA,NA,NA,NA,NA,NA
1669,NA,NA,NA,1.058,NA,NA,NA,NA,NA,NA,NA,NA,NA
1670,NA,NA,NA,2.242,NA,NA,NA,NA,NA,NA,NA,NA,NA
1671,NA,NA,NA,1.129,NA,NA,NA,NA,NA,NA,NA,NA,NA
1672,NA,NA,NA,0.272,NA,NA,NA,NA,NA,NA,NA,NA,NA
1673,NA,NA,NA,0,NA,NA,NA,NA,NA,NA,NA,NA,NA
1674,NA,NA,NA,0.506,NA,NA,NA,NA,NA,NA,NA,NA,NA
1675,NA,NA,NA,0.739,NA,NA,NA,NA,NA,NA,NA,NA,NA
1676,NA,NA,NA,0.349,NA,NA,NA,NA,NA,NA,NA,NA,NA
1677,NA,NA,NA,1.151,NA,NA,NA,NA,NA,NA,NA,NA,NA
1678,NA,NA,NA,1.039,NA,NA,NA,NA,NA,NA,NA,NA,NA
1679,NA,NA,NA,0.974,NA,NA,NA,NA,NA,NA,NA,NA,NA
1680,NA,NA,NA,1.377,NA,NA,NA,NA,NA,NA,NA,NA,NA
1681,NA,NA,NA,0.399,NA,NA,NA,NA,NA,NA,NA,NA,NA
1682,NA,NA,NA,0.157,NA,NA,NA,NA,NA,NA,NA,NA,NA
1683,NA,NA,NA,0.113,NA,NA,NA,NA,NA,NA,NA,NA,NA
1684,NA,NA,NA,0.166,NA,NA,NA,NA,NA,NA,NA,NA,NA
1685,NA,NA,NA,0.188,NA,NA,NA,NA,NA,NA,NA,NA,NA
1686,NA,NA,NA,0.732,NA,NA,NA,NA,NA,NA,NA,NA,NA
1687,NA,NA,NA,0.58,NA,NA,NA,NA,NA,NA,NA,NA,NA
1688,NA,NA,NA,0.187,NA,NA,NA,NA,NA,NA,NA,NA,NA
1689,NA,NA,NA,0.71,NA,NA,NA,NA,NA,NA,NA,NA,NA
1690,NA,NA,NA,0.298,NA,NA,NA,NA,NA,NA,NA,NA,NA
1691,NA,NA,NA,0.157,NA,NA,NA,NA,NA,NA,NA,NA,NA
1692,NA,NA,NA,0.838,NA,NA,NA,NA,NA,NA,NA,NA,NA
1693,NA,NA,NA,0.535,NA,NA,NA,NA,NA,NA,NA,NA,NA
1694,NA,NA,NA,0.223,NA,NA,NA,NA,NA,NA,NA,NA,NA
1695,NA,NA,NA,0.247,NA,NA,NA,NA,NA,NA,NA,NA,NA
1696,NA,NA,NA,0,NA,NA,NA,NA,NA,NA,NA,NA,NA
1697,NA,NA,NA,0.569,NA,NA,NA,NA,NA,NA,NA,NA,NA
1698,NA,NA,NA,0.402,NA,NA,NA,NA,NA,NA,NA,NA,NA
1699,NA,NA,NA,0.336,NA,NA,NA,NA,NA,NA,NA,NA,NA
1700,NA,NA,NA,0.927,NA,NA,NA,NA,NA,NA,NA,NA,NA
1701,NA,NA,NA,0.783,NA,NA,NA,NA,NA,NA,NA,NA,NA
1702,NA,NA,NA,0.439,NA,NA,NA,NA,NA,NA,NA,NA,NA
1703,NA,NA,NA,0.451,NA,NA,NA,NA,NA,NA,NA,NA,NA
1704,NA,NA,NA,0,NA,NA,NA,NA,NA,NA,NA,NA,NA
1705,NA,NA,NA,0.263,NA,NA,NA,NA,NA,NA,NA,NA,NA
1706,NA,NA,NA,0.416,NA,NA,NA,NA,NA,NA,NA,NA,NA
1707,NA,NA,NA,0.44,NA,NA,NA,NA,NA,NA,NA,NA,NA
1708,NA,NA,NA,0.17,NA,NA,NA,NA,NA,NA,NA,NA,NA
1709,NA,NA,NA,0.305,NA,NA,NA,NA,NA,NA,NA,NA,NA
1710,NA,NA,NA,0.423,NA,NA,NA,NA,NA,NA,NA,NA,NA
1711,NA,NA,NA,0.111,NA,NA,NA,NA,NA,NA,NA,NA,NA
1712,NA,NA,NA,0.092,NA,NA,NA,NA,NA,NA,NA,NA,NA
1713,NA,NA,NA,0.246,NA,NA,NA,NA,NA,NA,NA,NA,NA
1714,NA,NA,NA,0,NA,NA,NA,NA,NA,NA,NA,NA,NA
1715,NA,NA,NA,0.062,NA,NA,NA,NA,NA,NA,NA,NA,NA
1716,NA,NA,NA,0.051,NA,NA,NA,NA,NA,NA,NA,NA,NA
1717,NA,NA,NA,0,NA,NA,NA,NA,NA,NA,NA,NA,NA
1718,NA,NA,NA,0.336,NA,NA,NA,NA,NA,NA,NA,NA,NA
1719,NA,NA,NA,0.267,NA,NA,NA,NA,NA,NA,NA,NA,NA
1720,NA,NA,NA,0.231,NA,NA,NA,NA,NA,NA,NA,NA,NA
1721,NA,NA,NA,1.438,NA,NA,NA,NA,NA,NA,NA,NA,NA
1722,NA,NA,NA,1.052,NA,NA,NA,NA,NA,NA,NA,NA,NA
1723,NA,NA,NA,1.337,NA,NA,NA,NA,NA,NA,NA,NA,NA
1724,NA,NA,NA,0.692,NA,NA,NA,NA,NA,NA,NA,NA,NA
1725,NA,NA,NA,0.355,NA,NA,NA,NA,NA,NA,NA,NA,NA
1726,NA,NA,NA,1.305,NA,NA,NA,NA,NA,NA,NA,NA,NA
1727,NA,NA,NA,0.505,NA,NA,NA,NA,NA,NA,NA,NA,NA
1728,NA,NA,NA,0.35,NA,NA,NA,NA,NA,NA,NA,NA,NA
1729,NA,NA,NA,0.384,NA,NA,NA,NA,NA,NA,NA,NA,NA
1730,NA,NA,NA,0.368,NA,NA,NA,NA,NA,NA,NA,NA,NA
1731,NA,NA,NA,0.166,NA,NA,NA,NA,NA,NA,NA,NA,NA
1732,NA,NA,NA,0.465,NA,NA,NA,NA,NA,NA,NA,NA,NA
1733,NA,NA,NA,0.386,NA,NA,NA,NA,NA,NA,NA,NA,NA
1734,NA,NA,NA,1.446,NA,NA,NA,NA,NA,NA,NA,NA,NA
1735,NA,NA,NA,2.278,NA,NA,NA,NA,NA,NA,NA,NA,NA
1736,NA,NA,NA,1.249,NA,NA,NA,NA,NA,NA,NA,NA,NA
1737,NA,NA,NA,1.697,NA,NA,NA,NA,NA,NA,NA,NA,NA
1738,NA,NA,NA,1.663,NA,NA,NA,NA,NA,NA,NA,NA,NA
1739,NA,NA,NA,0.577,NA,NA,NA,NA,NA,NA,NA,NA,NA
1740,NA,NA,NA,1.506,NA,NA,NA,NA,NA,NA,NA,NA,NA
1741,NA,NA,NA,1.351,NA,NA,NA,NA,NA,NA,NA,NA,NA
1742,NA,NA,NA,0,NA,NA,NA,NA,NA,NA,NA,NA,NA
1743,NA,NA,NA,0.604,NA,NA,NA,NA,NA,NA,NA,NA,NA
1744,NA,NA,NA,0.42,NA,NA,NA,NA,NA,NA,NA,NA,NA
1745,NA,NA,NA,0.466,NA,NA,NA,NA,NA,NA,NA,NA,NA
1746,NA,NA,NA,1.367,NA,NA,NA,NA,NA,NA,NA,NA,NA
1747,NA,NA,NA,2.02,NA,NA,NA,NA,NA,NA,NA,NA,NA
1748,NA,NA,NA,1.009,NA,NA,NA,NA,NA,NA,NA,NA,NA
1749,NA,NA,NA,0.468,NA,NA,NA,NA,NA,NA,NA,NA,NA
1750,NA,NA,NA,0.847,NA,NA,NA,NA,NA,NA,NA,NA,NA
1751,NA,NA,NA,1.113,NA,NA,NA,NA,NA,NA,NA,NA,NA
1752,NA,NA,NA,0.804,NA,NA,NA,NA,NA,NA,NA,NA,NA
1753,NA,NA,NA,0.321,NA,NA,NA,NA,NA,NA,NA,NA,NA
1754,NA,NA,NA,0.45,NA,NA,NA,NA,NA,NA,NA,NA,NA
1755,NA,NA,NA,1.095,0.059,NA,NA,NA,NA,NA,NA,NA,NA
1756,NA,NA,NA,0.487,0.19,NA,NA,NA,NA,NA,NA,NA,NA
1757,NA,NA,NA,0.306,0.032,NA,NA,NA,NA,NA,NA,NA,NA
1758,NA,NA,NA,3.704,0.282,NA,NA,NA,NA,NA,NA,NA,NA
1759,NA,NA,NA,2.654,0.281,NA,NA,NA,NA,NA,NA,NA,NA
1760,NA,NA,NA,2.543,0.239,NA,NA,NA,NA,NA,NA,NA,NA
1761,NA,NA,NA,5.764,0.809,NA,NA,NA,NA,NA,NA,NA,NA
1762,NA,NA,NA,5.797,2.306,NA,NA,NA,NA,NA,NA,NA,NA
1763,NA,NA,NA,1.802,0.594,NA,NA,NA,NA,NA,NA,NA,NA
1764,NA,NA,NA,0.554,0.527,NA,NA,NA,NA,NA,NA,NA,NA
1765,NA,NA,NA,0,0.459,NA,NA,NA,NA,NA,NA,NA,NA
1766,NA,NA,NA,0.597,0.868,NA,NA,NA,NA,NA,NA,NA,NA
1767,NA,NA,NA,1.227,0.479,NA,NA,NA,NA,NA,NA,NA,NA
1768,NA,NA,NA,0.509,1,NA,NA,NA,NA,NA,NA,NA,NA
1769,NA,NA,NA,1.083,1.844,NA,NA,NA,NA,NA,NA,NA,NA
1770,NA,NA,NA,1.492,0.578,NA,NA,NA,NA,NA,NA,NA,NA
1771,NA,NA,NA,1.01,0.574,NA,NA,NA,NA,NA,NA,NA,NA
1772,NA,NA,NA,0.65,0.56,NA,NA,NA,NA,NA,NA,NA,NA
1773,NA,NA,NA,0.342,0.68,NA,NA,NA,NA,NA,NA,NA,NA
1774,NA,NA,NA,0.153,0.433,NA,NA,NA,NA,NA,NA,NA,NA
1775,NA,NA,NA,0.544,0.534,NA,NA,NA,NA,NA,NA,NA,NA
1776,NA,NA,NA,0.589,0.526,NA,NA,NA,NA,NA,NA,NA,NA
1777,NA,NA,NA,0.66,0.557,NA,NA,NA,NA,NA,NA,NA,NA
1778,NA,NA,NA,0.393,0.454,NA,NA,NA,NA,NA,NA,NA,NA
1779,NA,NA,NA,0.671,0.486,NA,NA,NA,NA,NA,NA,NA,NA
1780,NA,NA,NA,0.739,1.287,NA,NA,NA,0.626,NA,NA,NA,NA
1781,NA,NA,NA,0.274,0.656,NA,NA,NA,0.214,NA,NA,NA,NA
1782,NA,NA,NA,0.401,0.659,NA,NA,NA,0.356,NA,NA,NA,NA
1783,NA,NA,NA,0.485,0.94,NA,NA,NA,0.623,NA,NA,NA,NA
1784,NA,NA,NA,0.763,1.445,NA,NA,NA,1.092,NA,NA,NA,NA
1785,NA,NA,NA,0,0.287,NA,NA,NA,0.778,NA,NA,NA,NA
1786,NA,NA,NA,0.097,0.458,NA,NA,NA,1.247,NA,NA,NA,NA
1787,NA,NA,NA,0.33,0.302,NA,NA,NA,1.212,NA,NA,NA,NA
1788,NA,NA,NA,0.27,1.444,NA,NA,NA,2.971,NA,NA,NA,NA
1789,NA,NA,NA,0.677,0.291,NA,NA,NA,0.314,NA,NA,NA,NA
1790,NA,NA,NA,0.132,0,NA,NA,NA,1.079,NA,NA,NA,NA
1791,NA,NA,NA,0.484,1.014,NA,NA,NA,2.894,NA,NA,NA,NA
1792,NA,NA,NA,0.527,2.245,NA,NA,3.767,4.671,NA,NA,NA,NA
1793,NA,NA,NA,0.726,2.461,NA,NA,3.877,3.749,NA,NA,NA,NA
1794,NA,NA,NA,0.562,1.427,NA,NA,2.887,3.14,NA,NA,NA,NA
1795,NA,NA,NA,1.003,1.697,NA,NA,2.954,3.468,NA,NA,NA,NA
1796,NA,NA,NA,0.695,1.351,NA,NA,2.399,2.007,NA,NA,NA,NA
1797,NA,NA,NA,0.432,0.909,NA,NA,1.848,1.784,NA,NA,NA,NA
1798,NA,NA,NA,0.563,0.696,NA,1.447,2.089,1.979,NA,NA,NA,NA
1799,NA,NA,NA,0.652,1.234,NA,1.194,1.985,1.541,NA,NA,NA,NA
1800,NA,NA,NA,0.486,0.868,NA,1.365,2.241,2.085,NA,NA,NA,NA
1801,NA,NA,NA,0.055,0.074,NA,0.316,0.489,0.451,NA,NA,NA,NA
1802,NA,NA,NA,0.598,0.739,NA,1.469,2.849,2.411,NA,NA,NA,NA
1803,NA,NA,NA,0.684,1.006,NA,1.29,2.017,1.984,NA,NA,NA,NA
1804,NA,NA,NA,0.279,0.394,NA,0.478,0.906,0.926,NA,NA,NA,NA
1805,NA,NA,NA,0,0,NA,0.125,0.36,0.251,NA,NA,NA,NA
1806,NA,NA,NA,0.527,0.562,NA,0.6,1.219,1.064,NA,NA,NA,NA
1807,NA,NA,NA,0.295,0.167,NA,0.762,1.313,0.967,NA,NA,NA,NA
1808,NA,NA,NA,0.237,0.041,NA,0.767,1.597,0.824,NA,NA,NA,NA
1809,NA,NA,NA,0.455,0.565,NA,0.873,1.34,0.949,NA,NA,NA,1.687
1810,NA,NA,NA,0.331,0.703,0.5,1.223,1.776,1.708,NA,NA,NA,1.26
1811,NA,NA,NA,0.208,0.507,0.171,2.326,1.914,1.944,NA,NA,NA,1.427
1812,NA,NA,NA,0.23,0.29,0.168,0.769,0.685,0.773,NA,NA,NA,0.728
1813,NA,NA,NA,0.038,0.266,0.104,0.432,0.489,0.481,NA,NA,NA,0.561
1814,NA,NA,NA,0.484,0.934,0.557,1.34,1.417,1.796,NA,NA,NA,1.705
1815,NA,NA,NA,0.225,0.735,0.416,0.589,0.717,0.763,NA,NA,NA,0.993
1816,NA,NA,NA,0.622,1.955,1.169,2.601,3.395,3.186,NA,NA,NA,2.019
1817,NA,NA,NA,0.653,0.853,0.502,1.388,2.022,2.032,NA,NA,NA,1.201
1818,NA,NA,NA,0.581,0.983,0.487,0.83,1.638,1.53,NA,NA,NA,1.119
1819,NA,NA,NA,0,0.058,0,0.27,0.513,0.347,NA,NA,NA,0.389
1820,NA,NA,NA,0.602,0.521,0.381,1.329,1.812,1.871,NA,NA,NA,0.914
1821,NA,NA,1.386,0.666,1.47,0.975,1.347,1.85,1.955,NA,NA,1.513,1.144
1822,NA,NA,1.364,0.648,1.763,1.191,1.259,1.452,1.598,NA,NA,1.53,1.293
1823,NA,NA,1.879,0.083,0.715,0.453,0.559,0.772,0.73,NA,NA,0.769,0.617
1824,NA,NA,1.437,0.752,2.122,1.49,1.577,2.138,1.727,1.71,NA,1.703,1.565
1825,NA,NA,3.501,0.797,2.972,1.475,2.228,2.965,2.751,2.96,NA,2.234,2.084
1826,3.832,NA,1.84,0.877,4.152,1.69,3.781,5.903,4.147,1.556,NA,2.354,2.375
1827,3.49,NA,1.312,1.13,3.326,1.479,4.048,4.658,3.116,1.432,1.797,2.062,2.444
1828,1.737,1.817,0.588,0.668,1.724,0.84,1.922,2.018,1.725,0.795,1.531,1.282,1.388
1829,2.009,2.056,1.027,1.153,1.888,1.147,1.77,2.277,1.969,1.19,0.915,1.164,1.581
1830,1.14,0.954,0,0.466,1.015,0.73,1.117,1.491,1.117,0.286,1.314,0.396,0.671
1831,0.89,0.947,0.304,0.21,0.791,0.395,0.473,0.592,0.458,0.195,0.276,0.311,0.512
1832,1.281,1.443,0.855,0.243,0.611,0.319,0.625,0.867,0.638,0.495,0.23,0.468,0.627
1833,1.244,1.155,0.28,0.384,0.802,0.536,0.859,1.384,0.801,0.305,0.38,0.404,0.673
1834,2.991,2.684,0.679,0.317,1.084,0.621,0.731,0.843,0.491,0.51,0.289,0.644,0.916
1835,3.163,2.984,1.043,0.591,1.378,0.758,1.668,1.492,1.622,1.053,0.356,1.309,1.469
1836,2.572,2.364,1.041,0.516,1.363,0.932,1.307,1.395,1.706,0.946,0.782,1.147,1.174
1837,2.67,2.475,0.833,0.576,1.722,1.135,1.194,1.767,1.43,1.051,0.517,1.059,1.163
1838,2.183,2.295,1.041,0.29,1.208,0.778,0.611,0.944,0.509,0.77,0.624,0.996,1.02
1839,1.64,1.555,0.741,0.391,0.718,0.653,0.621,0.799,0.443,0.111,0.529,0.736,0.56
1840,0.89,0.838,0.552,0.222,0,0,0.494,0.407,0.19,0.049,0.185,0.151,0.31
1841,0.375,0.231,0.096,0.088,0.154,0.225,0.123,0,0.091,0.042,0.045,0.188,0.229
1842,0.606,0.472,0.295,0.18,0.283,0.291,0.118,0.158,0.071,0.095,0.126,0.218,0.319
1843,1.593,1.42,0.808,0.439,0.811,0.756,1.062,0.712,0.527,0.237,0.316,0.541,0.646
1844,3.472,2.768,1.604,0.417,0.887,0.777,1.714,0.959,0.663,1.034,0.918,0.961,1.204
1845,2.882,2.544,1.492,0.431,1.02,0.86,2.21,2.041,1.391,1.117,1.243,1.265,1.583
1846,3.781,3.257,2.143,0.66,2.155,1.75,2.888,2.447,2.003,1.765,1.756,1.994,1.918
1847,1.348,1.377,0.924,0.294,0.723,0.6,0.627,0.636,0.457,0.94,1.065,0.658,0.618
1848,2.707,2.583,1.695,0.59,1.375,1.313,1.779,1.697,1.545,1.371,1.301,1.596,1.394
1849,1.099,0.864,0.182,0.292,0.473,0.472,0.645,0.614,0.823,0.354,0.23,0.434,0.703
1850,1.174,1.248,0.763,0.317,1.236,0.947,0.931,1.066,0.797,0.84,0.56,0.781,1.049
1851,0.291,0.256,0.239,0,0.522,0.354,0.19,0.195,0.154,0.114,0.121,0.416,0.504
1852,0.902,0.974,0.514,0.236,0.811,0.389,0.614,0.824,0.629,0.448,0.322,0.381,0.588
1853,2.27,1.965,0.944,0.543,1.696,1.585,1.691,1.708,1.565,1.305,0.704,0.864,1.33
1854,0.43,0.408,0.305,0,0.368,0.285,0.302,0.351,0.289,0.259,0.18,0.283,0.575
1855,1.646,1.682,0.647,0.318,0.81,0.666,0.658,1.184,0.943,0.868,0.524,0.97,1.327
1856,2.464,2.692,1.11,0.519,1.468,1.32,1.03,1.538,1.342,1.234,0.77,1.584,1.965
1857,0.723,0.712,0.264,0.149,0.52,0.686,0.469,0.515,0.68,0.254,0.162,0.659,0.829
1858,2.185,2.544,0.701,0.593,2.084,1.936,2.261,2.08,2.55,1.349,0.94,1.92,2.135
1859,0.369,0.399,0.164,0,0.25,0.133,0.251,0.246,0.269,0.156,0.119,0.333,0.483
1860,0.107,0.107,0,0.229,0.38,0.263,0.321,0.346,0.284,0.069,0.02,0.377,0.527
1861,0.548,0.633,0.271,0.238,0.414,0.158,0.8,0.712,0.691,0.402,0.41,0.718,0.904
1862,0.606,0.569,0.063,0.111,0.403,0.32,0.631,0.646,0.634,0.243,0.076,0.322,0.453
1863,0.242,0.308,0.081,0.136,0.482,0,0.333,0.246,0.243,0.168,0.052,0.305,0.395
1864,0.812,0.833,0.418,0.47,0.736,0.579,0.818,0.888,0.844,0.668,0.506,0.671,0.891
1865,1.391,1.163,0.578,0.6,2.136,0.615,1.186,1.178,1.232,0.694,0.481,1.187,1.149
1866,1.785,1.688,0.722,0.472,2.412,0.814,1.195,1.405,1.495,0,0.89,1.954,2.169
1867,0.68,0.812,0.278,0.065,0.662,0,0.438,0.408,0.51,0.876,0.231,0.443,0.319
1868,0.877,0.961,0.667,0.332,2.024,0.71,0.633,0.811,0.828,0.625,0.794,1.476,1.214
1869,2.216,1.731,0.547,0.75,3.018,1.572,1.14,1.519,1.447,0.654,0.919,2.504,2.586
1870,0.833,0.67,0.044,0.283,1.032,0.422,0.458,0.707,0.966,0.912,0.101,0.284,0.466
1871,0.541,0.406,0.226,0.252,0.591,0.185,0.304,0.466,0.591,0.048,0.104,0.274,0.419
1872,0.541,0.519,0,0.141,0.593,0.111,0.452,0.503,0.498,0.18,0,0.805,0.563
1873,0.553,0.601,0.269,0.471,1.186,0.406,0.813,0.787,0.933,0.272,0.336,0.994,0.88
1874,0.535,0.681,0,0.274,1.139,0.491,0.624,0.51,0.661,0.053,0.115,0.769,0.755
1875,0.147,0.259,0.077,0.117,1.152,0.187,0.393,0.412,0.423,0.195,0.06,0.277,0.375
1876,1.634,1.285,0.3,0.257,2.687,0.791,1.612,0.951,1.257,0.522,0.376,1.436,1.159
1877,0.695,0.569,0.361,0.212,1.062,0.701,0.706,0.474,0.77,0.243,0.031,1.046,0.986
1878,1.111,1.348,0.039,0.432,1.826,0.836,1.492,1.762,1.347,0.757,0.595,1.658,1.555
1879,0.444,0.518,0.027,0.166,0.907,0.211,0.677,0.719,0.566,0.135,0,0.578,0.69
1880,0.332,0.241,0.097,0.166,0.909,0.177,0.546,0.75,0.659,0.076,0.222,1.009,0.873
1881,1.641,1.287,0.111,0.548,1.398,0.935,1.105,1.089,1.236,0.194,0.173,1.819,1.691
1882,1.958,1.94,0.094,0.404,2.387,0.975,1.451,1.133,1.486,0.395,0.416,2.069,1.807
1883,0.885,0.913,0.398,0.333,1.55,0.534,0.773,0.747,0.965,0.346,0.589,1.292,0.983
1884,0.291,0.318,0.103,0.069,0.625,0.41,0.305,0.315,0.401,0.188,0.421,0.602,0.707
1885,1.361,1.434,0.375,0.548,1.402,0.872,1.114,1.129,1.238,0.988,0.206,1.955,1.683
1886,0.029,0,0.291,0.083,0.242,0,0.155,0.162,0.214,0.06,0.739,0.291,0.259
1887,0.555,0.547,0.138,0.082,0.82,0.436,0.577,0.617,0.615,0.388,0.448,0.708,0.693
1888,1.319,1.221,0.486,1.067,1.561,1.085,1.58,1.242,1.523,0.812,0.798,1.635,1.394
1889,0.907,1.069,0.023,0.539,1.453,0.697,0.805,0.781,0.936,0.979,0.835,1.284,0.856
1890,0.223,0.055,0.272,0.304,0.573,0.1,0.5,0.468,0.533,0.132,0.32,0.528,0.38
1891,1.143,0.972,0.185,0.582,1.522,0.977,0.954,0.932,1.136,1.312,0.94,1.613,1.361
1892,0.089,0.329,0,0.095,0.441,0.342,0.194,0.229,0.235,0.081,0.092,0.584,0.306
1893,0.394,0.348,0.432,0.238,0.444,0.358,0.556,0.549,0.613,0.21,0.239,0.476,0.517
1894,0.408,0.555,0.172,0.179,0.632,0.417,0.304,0.235,0.289,0.207,0.262,0.386,0.341
1895,0.597,0.644,0.106,0.283,0.886,0.501,0.681,0.682,0.505,0.354,0.578,0.797,0.527
1896,0.794,0.302,0.187,0.477,0.926,0.623,0.754,0.642,0.718,0.472,0.625,0.869,0.692
1897,0.267,0.039,0,0.058,0.876,0.202,0.404,0.277,0.329,0.072,0.165,0.657,0.333
1898,0.161,0.23,0,0.091,1.029,0.318,0.586,0.46,0.529,0.125,0.163,1.017,0.616
1899,0.34,0.411,0.423,0.222,0.832,0.36,0.42,0.363,0.444,0.483,0.508,0.906,0.572
1900,0.875,0.874,0.49,0.317,1.402,0.905,0.71,0.64,0.661,1.014,1.411,1.262,1.124
1901,1.202,0.938,0.335,0.751,1.58,1.193,1.308,0.979,1.052,1.122,1.104,1.215,1.083
1902,0.113,0.14,0.041,0.113,0.292,0.153,0.158,0.182,0.078,0.185,1.115,0.305,0.145
1903,1.468,1.216,0.649,1.617,1.804,1.08,1.747,1.266,1.195,1.345,2.338,1.777,1.194
1904,0.474,0.519,0.241,0.357,0.675,0.446,0.517,0.442,0.313,0.319,0.636,0.82,0.524
1905,0.815,0.753,0.368,0.69,0.996,0.624,1.037,0.798,0.828,0.648,0.774,1.398,0.916
1906,0.972,1.214,0.467,0.468,1.253,1.048,0.569,0.574,0.664,1.625,1.881,1.466,1.263
1907,0.696,0.559,0.291,0.401,0.697,0.678,0.583,0.513,0.529,0.747,0.541,0.872,0.793
1908,2.205,2.317,1.329,1.826,3.082,1.864,2.54,1.462,1.429,3.067,2.763,3.719,2.885
1909,0.201,0.052,0.211,0.215,0.363,0.213,0.305,0.158,0.173,0.084,0.058,0.255,0.205
1910,0.001,0.181,0.062,0.138,0.096,0.028,0.119,0.095,0.091,0.178,0.138,0.333,0.39
1911,0.72,0.493,0.74,0.315,1.395,0.809,0.767,0.863,0.839,1.033,0.692,1.383,1.706
1912,0.301,0.25,0.298,0.207,0.792,0.489,0.463,0.358,0.388,0.388,0.361,1.235,0.739
1913,0.406,0.274,0.631,0.186,0.992,0.597,0.382,0.423,0.285,0.921,0.774,0.82,0.454
1914,0.627,0.588,1.226,0.036,1.748,1.148,0.895,0.886,0.49,1.92,1.418,2.23,1.275
1915,1.242,1.041,1.25,0.161,0,1.179,0.909,0.82,0.884,1.539,1.102,1.671,1.169
1916,0,0,0.171,0.168,1.481,0.042,0.171,0.159,0.139,0.243,0.379,0.658,0.156
1917,0.93,0.833,0.694,0.191,1.013,0.772,0.672,0.632,0.574,0.8,0.748,1.189,1.013
1918,0.961,1.155,0.531,0.465,1.031,0.687,0.77,0.8,0.63,0.783,0.925,0.888,0.698
1919,1.238,1.216,0.89,0.417,2.402,1.778,1.444,1.151,0.6,1.723,1.678,2.216,1.368
1920,0.611,0.694,0.4,0.539,3.123,1.717,1.299,1.05,0.341,0.805,0.771,1.777,0.868
1921,0.411,0.619,0.373,0.462,1.305,0.683,0.803,0.654,0.785,0.83,0.818,1.046,0.768
1922,0.256,0.414,0.437,0.149,0.756,0.216,0.813,0.505,0.449,0.764,0.822,0.799,0.44
1923,0.745,0.774,0.779,0.514,1.767,0.958,1.848,1.093,0.298,1.561,1.555,1.314,1.051
1924,1.082,1.055,1.162,0.286,1.436,1.058,1.228,0.755,0.875,1.395,1.574,1.361,0.929
1925,0,0.123,0.198,0,0.294,0,0.276,0.091,0.669,0.23,0.194,0.241,0.12
1926,1.639,1.922,1.408,1.151,2.296,1.63,2.568,1.29,1.134,2.686,2.555,2.553,2.018
1927,0.9,0.995,0.535,0.442,1.16,0.634,0.935,0.605,0.528,0.808,1.21,0.581,0.315
1928,0.418,0.696,0.59,0.915,0.766,0.306,0.818,0.418,0.307,1.207,2.299,1.105,0.747
1929,1.055,1.022,0.491,0.957,1.054,0.597,0.839,0.608,0.608,0.922,1.073,0.645,0.686
1930,0.526,0.79,0.708,0.184,0.869,0.483,0.429,0.311,0.307,0.986,0.935,0.582,0.559
1931,2.013,1.91,1.594,0.486,2.259,1.463,1.891,1.373,1.371,3.833,3.056,2.197,2.081
1932,0.549,0.582,0.594,0,0.658,0.433,0.604,0.283,0.417,0.717,0.726,0.458,0.477
1933,1.032,1.232,0.958,2.141,1.93,0.783,0.865,0.639,0.602,1.195,1.051,1.236,1.001
1934,0.805,1.236,0.965,0.916,1.451,0.605,1.079,1.092,0.99,1.419,1.095,1.101,1.347
1935,1.169,1.508,0.524,1.109,1.608,1.017,1.117,1.227,1.141,1.569,0.989,1.579,1.872
1936,1.948,1.692,0.882,1.361,2.22,1.167,1.516,1.363,1.359,4.075,2.331,2.521,1.724
1937,1.317,1.164,0.781,1.335,1.167,0.866,0.58,0.59,0.675,1.427,0.938,0.896,0.72
1938,1.273,1.493,1.23,2.552,1.388,0.539,1.216,1.186,0.758,1.722,1.68,1.256,0.857
1939,0.66,0.659,0.826,1.278,1.233,0.819,1.229,0.611,0.804,0.861,1.421,0.671,0.669
1940,1.578,1.763,1.901,1.479,1.489,1.045,1.177,0.918,0.87,1.779,2.263,1.107,1.093
1941,2.485,2.85,3.274,1.139,2.521,1.792,2.986,2.468,2.077,2.442,3.478,1.415,1.164
1942,1.048,1.08,0.87,0.746,0.798,0.819,0.897,0.688,0.773,0.872,1.312,0.662,0.803
1943,1.714,1.457,1.39,1.013,1.658,0.819,1.664,1.207,1.287,1.558,2.078,0.969,0.873
1944,1.644,1.33,0.748,1.173,1.347,0.798,1.531,1.014,1.333,1.324,1.415,1.138,1.07
1945,0.941,0.974,0.288,0.458,0.975,0,0.934,0.58,0.623,0.857,1.248,0.99,0.694
1946,1.06,0.791,0.668,1.268,1.097,0.277,0.957,0.699,0.824,0.91,1.391,0.715,0.667
1947,1,0.787,0.694,0.527,1.062,0.664,1.465,0.83,1.315,1.024,1.417,0.915,0.793
1948,0.617,0.611,0.514,0,0.802,0,0.659,0.208,0.528,0.92,1.124,0.71,0.618
1949,0.932,0.817,0.924,1.074,1.019,0.792,1.072,0.806,0.975,0.736,1.175,0.85,0.921
1950,0.287,0.276,0.232,0,0.402,0.173,0.57,0.188,0.216,0.276,0.424,0.259,0.265
1951,0.527,0.714,0.496,0.662,0.658,0.688,0.408,0.304,0.44,0.458,0.637,0.417,0.338
1952,0.759,0.816,0.423,0.391,0,0,0.53,0.311,0.352,0.526,0.769,0.401,0.416
1953,0.723,0.487,0.173,0.285,0.524,0.198,0.494,0.264,0.304,0.53,0.475,0.298,0.545
1954,0.194,0.098,0.274,0.184,0.169,0.386,0.139,0.037,0.134,0.147,0.278,0.133,0.246
1955,0.301,0.277,0.028,0.3,0.518,0.046,0.208,0.036,0.188,0.075,0.085,0.141,0.158
1956,0.248,0.208,0.129,0.391,0,0.058,0.242,0.268,0.27,0.178,0.265,0.129,0.164
1957,0.248,0.301,0.648,1.298,0.682,0,0.5,0.419,0.486,0.619,0.607,0.325,0.247
1958,0.637,0.58,0.577,1.389,0.855,0.113,0.422,0.332,0.376,0.979,0.889,0.667,0.63
1959,0.465,0.68,1.048,2.779,1.273,0.049,0.932,0.981,0.682,3.154,2.961,1.07,0.703
1960,0.764,0.876,1.767,3.332,1.194,0.43,0.563,0.468,0.473,2.91,2.431,1.436,0.841
1961,0.742,1.007,1.443,1.389,1.272,0.53,0.814,0.72,0.491,3.097,2.487,1.451,0.785
1962,0.373,0.717,0.951,0.738,0,0,0.341,0.238,0.361,1.588,1.767,0.944,0.559
1963,0.309,0.451,0.242,0.623,0.613,0.466,0.24,0.192,0.198,0.455,0.613,0.608,0.584
1964,0.071,0.173,0.138,0.373,0.293,0,0,0.26,0.178,0.292,0.366,0.158,0.163
1965,0.331,0.44,0.364,0.515,0.416,0.312,0.402,0.149,0.145,0.479,0.736,0.494,0.252
1966,0.14,0.302,0.244,0.824,0.641,0,0.205,0.167,0.111,0.416,0.63,0.233,0.203
1967,0.324,0.386,0.336,0.557,0.431,0.356,0.201,0.091,0.151,0.783,0.773,0.669,0.51
1968,0.128,0.233,0.611,0.766,0.402,0.109,0.327,0.171,0.119,1.366,0.962,1.02,0.823
1969,0.248,0.373,0.631,1.266,0.613,0.091,0.488,0.264,0.382,0.607,0.696,0.872,0.555
1970,0.05,0.518,0.596,1.315,0.673,0.242,0.263,0.293,0.281,1.681,1.751,0.942,0.653
1971,0.348,0.273,0.259,0.776,0.41,0.281,0.237,0.259,0.163,0.408,0.49,0.308,0.378
1972,0.708,0.649,0.912,1.289,0.701,0.381,0.263,0.233,0.358,0.995,1.187,0.58,0.47
1973,0.811,0.972,1.173,2.146,1.209,0.262,0.698,0.785,0.712,1.949,1.748,1.035,0.9
1974,0.053,0.095,0.112,0.366,0,0.081,0.059,0.045,0.055,0.109,0.151,0,0.108
1975,0.724,1.018,0.758,1.917,1.23,0.334,0.77,0.654,0.959,2.356,1.942,1.343,0.931
1976,0.365,0.535,0.636,1.318,1.039,0.517,0.52,0.371,0.514,1.71,1.243,0.742,0.445
1977,0.847,0.819,0.627,1.695,1.274,0.545,0.885,0.738,0.988,1.651,1.336,1.338,1.057
1978,0.192,0.216,0.384,0.292,0.195,0.347,0.167,0.194,0.173,0.982,0.457,0.338,0.252
1979,1.011,0.873,0.865,1.6,2.231,0.93,1.646,0.973,1.557,2.629,2.485,2.152,1.236
1980,0.05,0.06,0.08,0.13,0.305,0.088,0.38,0.434,0.152,0.646,0.3,0.071,0.088
1981,1.365,1.064,1.152,1.36,2.209,0.96,1.121,0.77,0.867,2.864,1.789,1.456,1.382
1982,1.016,1.142,1.12,2.714,2.802,1.11,2.628,1.516,2.076,2.83,2.843,1.563,1.41
1983,0.401,0.396,0.419,1.158,1.24,1.283,0.657,0.38,0.58,0.861,0.66,0.852,0.759
1984,0.414,0.611,0.763,2.535,2.04,0.592,1.482,0.501,1.281,1.503,1.389,1.178,1.153
1985,0.425,0.378,0.416,1.239,1.001,0.237,0.777,0.485,0.785,0.639,0.541,0.575,0.652
1986,0.17,0.255,0.513,0.531,0.401,0.448,0.151,0.345,0.115,0.86,0.679,0.397,0.33
1987,0.741,0.746,1.106,1.797,1.831,0.907,1.47,0.936,1.405,1.796,1.538,1.347,1.348
1988,0.47,0.542,1.194,1.01,1.046,0.356,0.507,0.486,0.656,1.143,1.231,0.598,0.584
1989,0.069,0.072,0.059,0.126,0.244,0.069,0.128,0.095,0.243,0.171,0.132,0,0.148
1990,0,0.085,0.14,0.136,0.111,0,0.058,0.044,0,0.214,0.095,0.147,0.119
1991,0.516,0.509,0.441,0.93,0.934,0.636,1.117,0.112,0.908,1.406,0.895,0.989,0.858
1992,0.594,0.602,0.608,0.858,0.977,0.674,0.641,0.516,0.675,1.361,0.955,1.106,0.886